START,count
Cary,201
Unknown Location,148
Morrisville,85
Whitebridge,68
Islamabad,57
Durham,37
Lahore,36
Raleigh,28
Kar?chi,27
Apex,17
Westpark Place,17
Berkeley,16
Midtown,14
Kenner,11
R?walpindi,11
Kissimmee,11
Emeryville,10
New Orleans,10
Downtown,9
Edgehill Farms,8
Colombo,8
San Francisco,8
Central,8
Banner Elk,8
Orlando,8
Oakland,7
The Drag,7
Hazelwood,7
Covington,6
Preston,6
Fort Pierce,5
Noorpur Shahan,5
West Berkeley,5
Bryson City,5
South Congress,5
Sharpstown,5
Rawalpindi,5
Houston,5
Parkway,5
Southside,4
Karachi,4
Wayne Ridge,4
Waverly Place,4
Metairie,4
Savon Height,4
Tanglewood,4
Agnew,4
CBD,4
New York,4
Menlo Park,3
Fayetteville Street,3
Huntington Woods,3
Northwoods,3
Kalorama Triangle,3
Port Bolivar,3
Meredith Townes,3
Pontchartrain Shores,2
Palo Alto,2
Storyville,2
Kilarney Woods,2
Mandeville,2
East Elmhurst,2
Lexington Park at Amberly,2
Lake Reams,2
Chapel Hill,2
Weston,2
Newark,2
Hudson Square,2
South,2
Renaissance,2
West Palm Beach,2
Asheville,2
Katunayaka,2
Chessington,2
Capitol One,2
Galveston,2
Heritage Pines,2
Jamaica,2
Topton,2
San Jose,2
West University,2
Holly Springs,2
Couples Glen,2
Boone,2
Jacksonville,2
SOMISSPO,2
Newland,2
Farmington Woods,2
K Street,2
Old City,2
Fairmont,1
Briar Meadow,1
Townes at Everett Crossing,1
South Berkeley,1
Lower Manhattan,1
Ingleside,1
Financial District,1
Jackson Heights,1
Hell's Kitchen,1
University District,1
Katunayake,1
Marigny,1
Columbia Heights,1
Eagle Rock,1
Pontchartrain Beach,1
Tribeca,1
Latta,1
Congress Ave District,1
Elk Park,1
Midtown East,1
Stonewater,1
Flatiron District,1
Florence,1
Summerwinds,1
Coxville,1
Santa Clara,1
Rose Hill,1
Chalmette,1
Eagan Park,1
Hayesville,1
Gampaha,1
East Harlem,1
Georgian Acres,1
Austin,1
Lakeview,1
Jamestown Court,1
Almond,1
Washington,1
El Cerrito,1
Sunnyside,1
Long Island City,1
Medical Centre,1
Cory,1
Redmond,1
Meredith,1
Arlington,1
Nugegoda,1
Ridgeland,1
Daytona Beach,1
Seattle,1
Wake Forest,1
Lower Garden District,1
Sunnyvale,1
Sugar Land,1
Red River District,1
NOMA,1
Fuquay-Varina,1
Tenderloin,1
North Austin,1
College Avenue,1
Wake Co.,1
North Berkeley Hills,1
Krendle Woods,1
Washington Avenue,1
Arabi,1
Arlington Park at Amberly,1
West End,1
Parkwood,1
Lake Wellingborough,1
Burtrose,1
St Thomas,1
Bellevue,1
Gulfton,1
Connecticut Avenue,1
Convention Center District,1
Winston Salem,1
Sand Lake Commons,1
Mebane,1
Mcvan,1
Mountain View,1
Soho,1
Katy,1
Sky Lake,1
Seaport,1
Eastgate,1
Elmhurst,1
East Austin,1
