STOP,count
Cary,203
Unknown Location,149
Morrisville,84
Whitebridge,65
Islamabad,58
Lahore,36
Durham,36
Raleigh,29
Kar?chi,26
Apex,17
Westpark Place,16
Berkeley,16
R?walpindi,13
Kissimmee,12
Midtown,11
Edgehill Farms,10
New Orleans,10
Kenner,10
Emeryville,9
Central,9
Oakland,8
Colombo,8
San Francisco,8
Banner Elk,8
Downtown,7
Orlando,7
The Drag,7
Covington,6
Houston,6
Preston,6
Southside,5
Noorpur Shahan,5
Weston,5
Waverly Place,5
Bryson City,5
Metairie,5
Sharpstown,5
Rawalpindi,5
Parkway,5
Hazelwood,5
Fort Pierce,4
Wayne Ridge,4
Kalorama Triangle,4
Tanglewood,4
Agnew,4
New York,4
Menlo Park,3
Congress Ave District,3
Lexington Park at Amberly,3
West Berkeley,3
Chessington,3
South Congress,3
Port Bolivar,3
Savon Height,3
Pontchartrain Shores,2
Macgregor Downs,2
Palo Alto,2
Storyville,2
Mandeville,2
Karachi,2
Lake Reams,2
Jamestown Court,2
Newark,2
Hudson Square,2
Northwoods,2
South,2
Renaissance,2
West Palm Beach,2
Asheville,2
Katunayaka,2
Capitol One,2
North Austin,2
Galveston,2
Leesville Hollow,2
Heritage Pines,2
Jamaica,2
Topton,2
West University,2
Holly Springs,2
Burtrose,2
Boone,2
Jacksonville,2
CBD,2
Convention Center District,2
Newland,2
Meredith Townes,2
Kildaire Farms,2
Potrero Flats,1
Harden Place,1
Briar Meadow,1
Queens,1
South Berkeley,1
Lower Manhattan,1
Ingleside,1
Midtown West,1
Financial District,1
Jackson Heights,1
Hell's Kitchen,1
Depot Historic District,1
University District,1
Ilukwatta,1
Marigny,1
Columbia Heights,1
Eagle Rock,1
Palm Beach,1
Pontchartrain Beach,1
Tribeca,1
Hog Island,1
Latta,1
Kilarney Woods,1
East Elmhurst,1
Umstead,1
Elk Park,1
Midtown East,1
Stonewater,1
Florence,1
Summerwinds,1
Gramercy-Flatiron,1
Coxville,1
Vista East,1
Santa Clara,1
Chapel Hill,1
Isles of Buena Vista,1
Chalmette,1
Queens County,1
Faubourg Marigny,1
Hayesville,1
Gampaha,1
East Harlem,1
Lakeview,1
Almond,1
Washington,1
Parkway Museums,1
Huntington Woods,1
El Cerrito,1
Alief,1
Greater Greenspoint,1
Sunnyside,1
Long Island City,1
NoMad,1
Cory,1
Redmond,1
Kips Bay,1
Northwest Rectangle,1
Arlington,1
Nugegoda,1
Arts District,1
Ridgeland,1
Daytona Beach,1
Walnut Terrace,1
Seattle,1
Wake Forest,1
Lower Garden District,1
Sunnyvale,1
Sugar Land,1
Red River District,1
Fuquay-Varina,1
Tenderloin,1
College Avenue,1
Wake Co.,1
North Berkeley Hills,1
Washington Avenue,1
Arabi,1
Arlington Park at Amberly,1
Bay Farm Island,1
Bywater,1
San Jose,1
Parkwood,1
Lake Wellingborough,1
St Thomas,1
French Quarter,1
Bellevue,1
Southwest Berkeley,1
Williamsburg Manor,1
Gulfton,1
Winston Salem,1
SOMISSPO,1
Sand Lake Commons,1
Cedar Hill,1
Farmington Woods,1
Mebane,1
Tudor City,1
Mcvan,1
K Street,1
Mountain View,1
Soho,1
Katy,1
Sky Lake,1
